SET search_path = biblioteca;

INSERT INTO tipo_identificacion (tipo, nombre) VALUES ('CC', 'Cédula de Ciudadanía');
INSERT INTO tipo_identificacion (tipo, nombre) VALUES ('CE', 'Cédula de Extranjería');
INSERT INTO tipo_identificacion (tipo, nombre) VALUES ('PA', 'Pasaporte');
INSERT INTO tipo_identificacion (tipo, nombre) VALUES ('TI', 'Tarjeta de Identidad');
INSERT INTO tipo_identificacion (tipo, nombre) VALUES ('RC', 'Registro Civil');
INSERT INTO tipo_identificacion (tipo, nombre) VALUES ('PP', 'Permiso de Permanencia');
INSERT INTO tipo_identificacion (tipo, nombre) VALUES ('NIT', 'NIT');


INSERT INTO persona (tipo_identificacion, identificacion, primer_nombre, segundo_nombre, primer_apellido, segundo_apellido, direccion, telefono) VALUES('CC', '240310220', 'Alan', 'Victor', 'Martinez', 'Zambrano', 'Verbenal', '6133928884');
INSERT INTO persona (tipo_identificacion, identificacion, primer_nombre, segundo_nombre, primer_apellido, segundo_apellido, direccion, telefono) VALUES('CE', '19834798', 'Jacinto', 'Tomás', 'Mesa', 'Polo', 'La Uribe', '6410056716');
INSERT INTO persona (tipo_identificacion, identificacion, primer_nombre, segundo_nombre, primer_apellido, segundo_apellido, direccion, telefono) VALUES('PA', '137875536', '', '', 'Tovar', 'Montes', 'San Cristóbal Norte', '237261436');
INSERT INTO persona (tipo_identificacion, identificacion, primer_nombre, segundo_nombre, primer_apellido, segundo_apellido, direccion, telefono) VALUES('TI', '71539755', 'Alicia', 'Zulema', 'Gaviria', '', 'Toberín', '3657707326');
INSERT INTO persona (tipo_identificacion, identificacion, primer_nombre, segundo_nombre, primer_apellido, segundo_apellido, direccion, telefono) VALUES('RC', '1318097', 'Jesús', 'Yayo', 'Palacio', '', 'Los Cedros', '3245246863');
INSERT INTO persona (tipo_identificacion, identificacion, primer_nombre, segundo_nombre, primer_apellido, segundo_apellido, direccion, telefono) VALUES('PP', '668877617', 'Mirta', '', 'Uribe', 'Galvis', 'Usaquén', '5843706163');
INSERT INTO persona (tipo_identificacion, identificacion, primer_nombre, segundo_nombre, primer_apellido, segundo_apellido, direccion, telefono) VALUES('CC', '593562797', 'Andrea', '', 'Guevara', 'Ardila', 'Country Club', '2387441372');
INSERT INTO persona (tipo_identificacion, identificacion, primer_nombre, segundo_nombre, primer_apellido, segundo_apellido, direccion, telefono) VALUES('CE', '208772764', 'Josefina', 'Tato', 'Arboleda', 'Mesa', 'Santa Bárbara', '6759343454');
INSERT INTO persona (tipo_identificacion, identificacion, primer_nombre, segundo_nombre, primer_apellido, segundo_apellido, direccion, telefono) VALUES('PA', '416101373', 'Mónica', 'Rosario', 'Miranda', '', 'El Refugio', '6453135782');
INSERT INTO persona (tipo_identificacion, identificacion, primer_nombre, segundo_nombre, primer_apellido, segundo_apellido, direccion, telefono) VALUES('TI', '74957559', 'Andrés', '', 'Marquez', 'Gaviria', 'San Isidro-Patios', '705371876');
INSERT INTO persona (tipo_identificacion, identificacion, primer_nombre, segundo_nombre, primer_apellido, segundo_apellido, direccion, telefono) VALUES('RC', '618591425', 'Juan', '', 'Cifuentes', '', 'Pardo Rubio', '1212657539');
INSERT INTO persona (tipo_identificacion, identificacion, primer_nombre, segundo_nombre, primer_apellido, segundo_apellido, direccion, telefono) VALUES('PP', '271108361', 'Nicolás', 'Rodrigo', 'Meza', 'Uribe', 'Chicó Lago', '303590661');
INSERT INTO persona (tipo_identificacion, identificacion, primer_nombre, segundo_nombre, primer_apellido, segundo_apellido, direccion, telefono) VALUES('CC', '993340513', 'Antonia', '', 'Sepulveda', 'Guevara', 'Chapinero', '561387996');
INSERT INTO persona (tipo_identificacion, identificacion, primer_nombre, segundo_nombre, primer_apellido, segundo_apellido, direccion, telefono) VALUES('CE', '82393751', 'Juana', 'Paula', 'Rueda', 'Arboleda', 'Sagrado Corazón', '9931883310');
INSERT INTO persona (tipo_identificacion, identificacion, primer_nombre, segundo_nombre, primer_apellido, segundo_apellido, direccion, telefono) VALUES('PA', '360788755', 'Noé', 'Patricio', 'Fuentes', '', 'La Macarena', '4014898312');
INSERT INTO persona (tipo_identificacion, identificacion, primer_nombre, segundo_nombre, primer_apellido, segundo_apellido, direccion, telefono) VALUES('TI', '995213147', 'Antonio', '', 'Benitez', 'Marquez', 'Las Nieves', '8625948647');
INSERT INTO persona (tipo_identificacion, identificacion, primer_nombre, segundo_nombre, primer_apellido, segundo_apellido, direccion, telefono) VALUES('RC', '188360536', 'Juárez', 'Noé', 'Meneses', 'Cifuentes', 'Las Cruces', '4202696504');
INSERT INTO persona (tipo_identificacion, identificacion, primer_nombre, segundo_nombre, primer_apellido, segundo_apellido, direccion, telefono) VALUES('PP', '71924910', 'Noelia', '', 'Velasco', 'Meza', 'Lourdes', '4820289139');
INSERT INTO persona (tipo_identificacion, identificacion, primer_nombre, segundo_nombre, primer_apellido, segundo_apellido, direccion, telefono) VALUES('CC', '248390779', 'Azul', 'Mónica', 'Loaiza', 'Sepulveda', 'San Blas', '3020256483');
INSERT INTO persona (tipo_identificacion, identificacion, primer_nombre, segundo_nombre, primer_apellido, segundo_apellido, direccion, telefono) VALUES('CE', '65890471', 'Julia', 'Mirta', 'Estrada', 'Rueda', 'Sociego', '1567268344');
INSERT INTO persona (tipo_identificacion, identificacion, primer_nombre, segundo_nombre, primer_apellido, segundo_apellido, direccion, telefono) VALUES('PA', '65192853', 'Paula', '', 'Nuñez', '', '20 de Julio', '9897959224');
INSERT INTO persona (tipo_identificacion, identificacion, primer_nombre, segundo_nombre, primer_apellido, segundo_apellido, direccion, telefono) VALUES('TI', '380915409', 'Bartolomé', 'Martín', 'Aguilar', 'Benitez', 'La Gloria', '8285539797');
INSERT INTO persona (tipo_identificacion, identificacion, primer_nombre, segundo_nombre, primer_apellido, segundo_apellido, direccion, telefono) VALUES('RC', '201683555', 'Julián', 'Mariano', 'Ayala', 'Meneses', 'Los Libertadores', '9388632403');
INSERT INTO persona (tipo_identificacion, identificacion, primer_nombre, segundo_nombre, primer_apellido, segundo_apellido, direccion, telefono) VALUES('PP', '863755330', 'Patricio', '', 'Solano', '', 'La Flora', '2205923364');
INSERT INTO persona (tipo_identificacion, identificacion, primer_nombre, segundo_nombre, primer_apellido, segundo_apellido, direccion, telefono) VALUES('CC', '634415811', 'Belén', 'Luisa', 'Monsalve', 'Loaiza', 'Danubio', '8552868584');
INSERT INTO persona (tipo_identificacion, identificacion, primer_nombre, segundo_nombre, primer_apellido, segundo_apellido, direccion, telefono) VALUES('CE', '590897191', 'Celeste', '', 'Bolaños', '', 'Gran Yomasa', '8637019341');
INSERT INTO persona (tipo_identificacion, identificacion, primer_nombre, segundo_nombre, primer_apellido, segundo_apellido, direccion, telefono) VALUES('PA', '737257469', 'Edgardo', '', 'Arenas', '', 'Comuneros', '9545025036');
INSERT INTO persona (tipo_identificacion, identificacion, primer_nombre, segundo_nombre, primer_apellido, segundo_apellido, direccion, telefono) VALUES('TI', '727542311', 'Felicia', '', 'Cabrera', 'Aguilar', 'Alfonso López', '6091757642');
INSERT INTO persona (tipo_identificacion, identificacion, primer_nombre, segundo_nombre, primer_apellido, segundo_apellido, direccion, telefono) VALUES('RC', '718882820', 'Florencia', '', 'Galindo', 'Ayala', 'Parque Entrenubes', '5923182669');
INSERT INTO persona (tipo_identificacion, identificacion, primer_nombre, segundo_nombre, primer_apellido, segundo_apellido, direccion, telefono) VALUES('PP', '47145764', 'Luisa', '', 'Becerra', '', 'Ciudad Usme', '4358269842');
INSERT INTO persona (tipo_identificacion, identificacion, primer_nombre, segundo_nombre, primer_apellido, segundo_apellido, direccion, telefono) VALUES('CC', '544983772', 'Rosario', 'Juliana', 'Fonseca', 'Monsalve', 'Venecia', '9181352367');
INSERT INTO persona (tipo_identificacion, identificacion, primer_nombre, segundo_nombre, primer_apellido, segundo_apellido, direccion, telefono) VALUES('CE', '756297187', 'Gaspar', 'Julián', 'Perdomo', 'Bolaños', 'Tunjuelito', '9913011727');
INSERT INTO persona (tipo_identificacion, identificacion, primer_nombre, segundo_nombre, primer_apellido, segundo_apellido, direccion, telefono) VALUES('PA', '400930626', 'Marcelo', '', 'Castellanos', 'Arenas', 'Apogeo', '8418234395');
INSERT INTO persona (tipo_identificacion, identificacion, primer_nombre, segundo_nombre, primer_apellido, segundo_apellido, direccion, telefono) VALUES('TI', '40302843', 'Tato', '', 'Betancur', '', 'Bosa Occidental', '7901762481');
INSERT INTO persona (tipo_identificacion, identificacion, primer_nombre, segundo_nombre, primer_apellido, segundo_apellido, direccion, telefono) VALUES('RC', '69549705', 'Gerardo', '', 'Bohorquez', 'Galindo', 'Bosa Central', '9253402407');
INSERT INTO persona (tipo_identificacion, identificacion, primer_nombre, segundo_nombre, primer_apellido, segundo_apellido, direccion, telefono) VALUES('PP', '898201485', 'Marcos', 'Juan', 'Campo', 'Becerra', 'El Porvenir', '4820493908');
INSERT INTO persona (tipo_identificacion, identificacion, primer_nombre, segundo_nombre, primer_apellido, segundo_apellido, direccion, telefono) VALUES('CC', '422871305', 'Tomás', '', 'Salcedo', '', 'Tintal Sur', '147410225');
INSERT INTO persona (tipo_identificacion, identificacion, primer_nombre, segundo_nombre, primer_apellido, segundo_apellido, direccion, telefono) VALUES('CE', '633698991', 'Jesús', '', 'Zuñiga', 'Perdomo', 'Castilla', '2336979364');
INSERT INTO persona (tipo_identificacion, identificacion, primer_nombre, segundo_nombre, primer_apellido, segundo_apellido, direccion, telefono) VALUES('PA', '4591378', 'María', 'Josefina', 'Luna', 'Castellanos', 'Américas', '4255919379');
INSERT INTO persona (tipo_identificacion, identificacion, primer_nombre, segundo_nombre, primer_apellido, segundo_apellido, direccion, telefono) VALUES('TI', '599962906', 'Victor', 'Gustavo', 'Galeano', '', 'Carvajal', '8038934755');
INSERT INTO persona (tipo_identificacion, identificacion, primer_nombre, segundo_nombre, primer_apellido, segundo_apellido, direccion, telefono) VALUES('RC', '84624492', 'Gonzalo', '', 'Carmona', 'Bohorquez', 'Kennedy Central', '4695986752');
INSERT INTO persona (tipo_identificacion, identificacion, primer_nombre, segundo_nombre, primer_apellido, segundo_apellido, direccion, telefono) VALUES('PP', '808694919', 'Mariano', '', 'Pulido', 'Campo', 'Timiza', '3683578152');
INSERT INTO persona (tipo_identificacion, identificacion, primer_nombre, segundo_nombre, primer_apellido, segundo_apellido, direccion, telefono) VALUES('CC', '832668883', 'Yayo', 'Gerardo', 'Caro', '', 'Tintal Norte', '5102629935');
INSERT INTO persona (tipo_identificacion, identificacion, primer_nombre, segundo_nombre, primer_apellido, segundo_apellido, direccion, telefono) VALUES('CE', '93557111', 'Gustavo', 'Gaspar', 'Melo', '', 'Calandaima', '1459853337');
INSERT INTO persona (tipo_identificacion, identificacion, primer_nombre, segundo_nombre, primer_apellido, segundo_apellido, direccion, telefono) VALUES('PA', '56294248', 'Martín', '', 'Gonzales', 'Luna', 'Corabastos', '1441216137');
INSERT INTO persona (tipo_identificacion, identificacion, primer_nombre, segundo_nombre, primer_apellido, segundo_apellido, direccion, telefono) VALUES('TI', '34523313', 'Zulema', 'Felicia', 'Bravo', 'Galeano', 'Gran Britalia', '2769111125');
INSERT INTO persona (tipo_identificacion, identificacion, primer_nombre, segundo_nombre, primer_apellido, segundo_apellido, direccion, telefono) VALUES('RC', '59085422', 'Juliana', '', 'Jaimes', 'Carmona', 'Carvajal', '5602258035');
INSERT INTO persona (tipo_identificacion, identificacion, primer_nombre, segundo_nombre, primer_apellido, segundo_apellido, direccion, telefono) VALUES('PP', '623508331', 'Renzo', 'Bartolomé', 'Camargo', 'Pulido', 'Kennedy Central', '8641604906');
INSERT INTO persona (tipo_identificacion, identificacion, primer_nombre, segundo_nombre, primer_apellido, segundo_apellido, direccion, telefono) VALUES('CC', '561597698', 'Julio', '', 'Espinosa', '', 'Timiza', '3765472788');
INSERT INTO persona (tipo_identificacion, identificacion, primer_nombre, segundo_nombre, primer_apellido, segundo_apellido, direccion, telefono) VALUES('CE', '792408493', 'Rodrigo', 'Antonio', 'Serna', 'Melo', 'Tintal Norte', '2291908673');
INSERT INTO persona (tipo_identificacion, identificacion, primer_nombre, segundo_nombre, primer_apellido, segundo_apellido, direccion, telefono) VALUES('PA', '776574618', 'Leandro', 'Alan', 'Ariza', 'Gonzales', 'Calandaima', '8891169218');
INSERT INTO persona (tipo_identificacion, identificacion, primer_nombre, segundo_nombre, primer_apellido, segundo_apellido, direccion, telefono) VALUES('TI', '218121398', 'Andrés', '', 'Ochoa', '', 'Corabastos', '4990844467');
INSERT INTO persona (tipo_identificacion, identificacion, primer_nombre, segundo_nombre, primer_apellido, segundo_apellido, direccion, telefono) VALUES('RC', '801916770', 'Luis', '', 'Amaya', 'Jaimes', 'Gran Britalia', '162058584');
INSERT INTO persona (tipo_identificacion, identificacion, primer_nombre, segundo_nombre, primer_apellido, segundo_apellido, direccion, telefono) VALUES('PP', '451673406', 'Romina', 'Antonia', 'Arevalo', '', 'Gran Britalia', '7331760895');

INSERT INTO autor (codigo, nombre) VALUES('1', 'Albert Camus ');
INSERT INTO autor (codigo, nombre) VALUES('2', 'Alfred Döblin');
INSERT INTO autor (codigo, nombre) VALUES('3', 'Anónimo');
INSERT INTO autor (codigo, nombre) VALUES('4', 'Antón Chéjov');
INSERT INTO autor (codigo, nombre) VALUES('5', 'Astrid Lindgren');
INSERT INTO autor (codigo, nombre) VALUES('6', 'Charles Dickens');
INSERT INTO autor (codigo, nombre) VALUES('7', 'Chinua Achebe');
INSERT INTO autor (codigo, nombre) VALUES('8', 'D. H. Lawrence');
INSERT INTO autor (codigo, nombre) VALUES('9', 'Dante Alighieri');
INSERT INTO autor (codigo, nombre) VALUES('10', 'Denis Diderot');
INSERT INTO autor (codigo, nombre) VALUES('11', 'Doris Lessing ');
INSERT INTO autor (codigo, nombre) VALUES('12', 'Edgar Allan Poe');
INSERT INTO autor (codigo, nombre) VALUES('13', 'Elsa Morante');
INSERT INTO autor (codigo, nombre) VALUES('14', 'Emily Brontë');
INSERT INTO autor (codigo, nombre) VALUES('15', 'Ernest Hemingway ');
INSERT INTO autor (codigo, nombre) VALUES('16', 'Eurípides');
INSERT INTO autor (codigo, nombre) VALUES('17', 'Federico García Lorca');
INSERT INTO autor (codigo, nombre) VALUES('18', 'Fernando Pessoa');
INSERT INTO autor (codigo, nombre) VALUES('19', 'Fiódor Dostoievski');
INSERT INTO autor (codigo, nombre) VALUES('20', 'François Rabelais');
INSERT INTO autor (codigo, nombre) VALUES('21', 'Franz Kafka');
INSERT INTO autor (codigo, nombre) VALUES('22', 'Gabriel García Márquez ');
INSERT INTO autor (codigo, nombre) VALUES('23', 'Geoffrey Chaucer');
INSERT INTO autor (codigo, nombre) VALUES('24', 'George Eliot');
INSERT INTO autor (codigo, nombre) VALUES('25', 'George Orwell');
INSERT INTO autor (codigo, nombre) VALUES('26', 'Giacomo Leopardi');
INSERT INTO autor (codigo, nombre) VALUES('27', 'Giovanni Boccaccio');
INSERT INTO autor (codigo, nombre) VALUES('28', 'Günter Grass ');
INSERT INTO autor (codigo, nombre) VALUES('29', 'Gustave Flaubert');
INSERT INTO autor (codigo, nombre) VALUES('30', 'Halldór Laxness ');
INSERT INTO autor (codigo, nombre) VALUES('31', 'Hans Christian Andersen');
INSERT INTO autor (codigo, nombre) VALUES('32', 'Henrik Ibsen');
INSERT INTO autor (codigo, nombre) VALUES('33', 'Herman Melville');
INSERT INTO autor (codigo, nombre) VALUES('34', 'Homero');
INSERT INTO autor (codigo, nombre) VALUES('35', 'Honoré de Balzac');
INSERT INTO autor (codigo, nombre) VALUES('36', 'Italo Svevo');
INSERT INTO autor (codigo, nombre) VALUES('37', 'James Joyce');
INSERT INTO autor (codigo, nombre) VALUES('38', 'Jane Austen');
INSERT INTO autor (codigo, nombre) VALUES('39', 'João Guimarães Rosa');
INSERT INTO autor (codigo, nombre) VALUES('40', 'Johann Wolfgang von Goethe');
INSERT INTO autor (codigo, nombre) VALUES('41', 'Jonathan Swift');
INSERT INTO autor (codigo, nombre) VALUES('42', 'Jorge Luis Borges');
INSERT INTO autor (codigo, nombre) VALUES('43', 'José Saramago ');
INSERT INTO autor (codigo, nombre) VALUES('44', 'Joseph Conrad');
INSERT INTO autor (codigo, nombre) VALUES('45', 'Juan Rulfo');
INSERT INTO autor (codigo, nombre) VALUES('46', 'Kālidāsa');
INSERT INTO autor (codigo, nombre) VALUES('47', 'Knut Hamsun ');
INSERT INTO autor (codigo, nombre) VALUES('48', 'Laurence Sterne');
INSERT INTO autor (codigo, nombre) VALUES('49', 'Lev Tolstói');
INSERT INTO autor (codigo, nombre) VALUES('50', 'Louis-Ferdinand Céline');
INSERT INTO autor (codigo, nombre) VALUES('51', 'Lu Xun');
INSERT INTO autor (codigo, nombre) VALUES('52', 'Marcel Proust');
INSERT INTO autor (codigo, nombre) VALUES('53', 'Marguerite Yourcenar');
INSERT INTO autor (codigo, nombre) VALUES('54', 'Mark Twain');
INSERT INTO autor (codigo, nombre) VALUES('55', 'Michel de Montaigne');
INSERT INTO autor (codigo, nombre) VALUES('56', 'Miguel de Cervantes');
INSERT INTO autor (codigo, nombre) VALUES('57', 'Murasaki Shikibu');
INSERT INTO autor (codigo, nombre) VALUES('58', 'Naguib Mahfuz ');
INSERT INTO autor (codigo, nombre) VALUES('59', 'Nikolai Gogol');
INSERT INTO autor (codigo, nombre) VALUES('60', 'Nikos Kazantzakis');
INSERT INTO autor (codigo, nombre) VALUES('61', 'Ovidio');
INSERT INTO autor (codigo, nombre) VALUES('62', 'Paul Celan');
INSERT INTO autor (codigo, nombre) VALUES('63', 'Ralph Ellison');
INSERT INTO autor (codigo, nombre) VALUES('64', 'Robert Musil');
INSERT INTO autor (codigo, nombre) VALUES('65', 'Rumi');
INSERT INTO autor (codigo, nombre) VALUES('66', 'Saadi');
INSERT INTO autor (codigo, nombre) VALUES('67', 'Salman Rushdie');
INSERT INTO autor (codigo, nombre) VALUES('68', 'Samuel Beckett ');
INSERT INTO autor (codigo, nombre) VALUES('69', 'Sófocles');
INSERT INTO autor (codigo, nombre) VALUES('70', 'Stendhal');
INSERT INTO autor (codigo, nombre) VALUES('71', 'Tayeb Salih');
INSERT INTO autor (codigo, nombre) VALUES('72', 'Thomas Mann ');
INSERT INTO autor (codigo, nombre) VALUES('73', 'Toni Morrison ');
INSERT INTO autor (codigo, nombre) VALUES('74', 'Valmiki');
INSERT INTO autor (codigo, nombre) VALUES('75', 'Viasa');
INSERT INTO autor (codigo, nombre) VALUES('76', 'Virgilio');
INSERT INTO autor (codigo, nombre) VALUES('77', 'Virginia Woolf');
INSERT INTO autor (codigo, nombre) VALUES('78', 'Vladimir Nabokov');
INSERT INTO autor (codigo, nombre) VALUES('79', 'Walt Whitman');
INSERT INTO autor (codigo, nombre) VALUES('80', 'William Faulkner ');
INSERT INTO autor (codigo, nombre) VALUES('81', 'William Shakespeare');
INSERT INTO autor (codigo, nombre) VALUES('82', 'Yasunari Kawabata ');

INSERT INTO libro (isbn, titulo, editorial) VALUES('1533293866', '¡Absalom, Absalom!', 'Huellas SAS');
INSERT INTO libro (isbn, titulo, editorial) VALUES('7755249092', '1984', 'ITA');
INSERT INTO libro (isbn, titulo, editorial) VALUES('565855895', 'Al faro', 'Planeta');
INSERT INTO libro (isbn, titulo, editorial) VALUES('2517149072', 'Almas muertas', 'Cangrejo Editores');
INSERT INTO libro (isbn, titulo, editorial) VALUES('6569518987', 'Ana Karenina', 'Babel Libros');
INSERT INTO libro (isbn, titulo, editorial) VALUES('8227589300', 'Beloved', 'Carvajal Ediciones');
INSERT INTO libro (isbn, titulo, editorial) VALUES('1482356428', 'Berlin Alexanderplatz', 'Círculo de Lectores');
INSERT INTO libro (isbn, titulo, editorial) VALUES('6070112687', 'Bostan', 'Cooperativa Editorial Magisterio');
INSERT INTO libro (isbn, titulo, editorial) VALUES('8049677882', 'Casa de muñecas', 'Difusora Larousse de Colombia Ltda');
INSERT INTO libro (isbn, titulo, editorial) VALUES('7645116500', 'Cien años de soledad', 'Ediciones Gamma');
INSERT INTO libro (isbn, titulo, editorial) VALUES('539897584', 'Crimen y castigo', 'Ediciones Urano');
INSERT INTO libro (isbn, titulo, editorial) VALUES('778085868', 'Cuentos', 'Entela');
INSERT INTO libro (isbn, titulo, editorial) VALUES('9312935994', 'Cuentos infantiles', 'Educar Editores');
INSERT INTO libro (isbn, titulo, editorial) VALUES('7821575368', 'Cumbres Borrascosas', 'Tragaluz Editores');
INSERT INTO libro (isbn, titulo, editorial) VALUES('133128198', 'Decamerón', 'Taller de Edición Rocca');
INSERT INTO libro (isbn, titulo, editorial) VALUES('7542363969', 'Diario de un loco', 'Vicens Vives');
INSERT INTO libro (isbn, titulo, editorial) VALUES('314482058', 'Divina comedia', 'Círculo de Lectores');
INSERT INTO libro (isbn, titulo, editorial) VALUES('3544279944', 'Don Quijote de la Mancha', 'Cooperativa Editorial Magisterio');
INSERT INTO libro (isbn, titulo, editorial) VALUES('9800669710', 'Edipo rey', 'Difusora Larousse de Colombia Ltda');
INSERT INTO libro (isbn, titulo, editorial) VALUES('529717391', 'El amor en los tiempos del cólera', 'Ediciones Gamma');
INSERT INTO libro (isbn, titulo, editorial) VALUES('329336948', 'El castillo', 'Carvajal Ediciones');
INSERT INTO libro (isbn, titulo, editorial) VALUES('6754160348', 'El cuaderno dorado', 'Círculo de Lectores');
INSERT INTO libro (isbn, titulo, editorial) VALUES('6659916958', 'El extranjero', 'Cooperativa Editorial Magisterio');
INSERT INTO libro (isbn, titulo, editorial) VALUES('6975082717', 'El hombre invisible', 'Difusora Larousse de Colombia Ltda');
INSERT INTO libro (isbn, titulo, editorial) VALUES('7327262410', 'El hombre sin atributos', 'Huellas SAS');
INSERT INTO libro (isbn, titulo, editorial) VALUES('3171377498', 'El idiota', 'ITA');
INSERT INTO libro (isbn, titulo, editorial) VALUES('9483446810', 'El proceso', 'Planeta');
INSERT INTO libro (isbn, titulo, editorial) VALUES('6352693980', 'El rey Lear', 'Cangrejo Editores');
INSERT INTO libro (isbn, titulo, editorial) VALUES('2198367949', 'El ruido y la furia', 'Babel Libros');
INSERT INTO libro (isbn, titulo, editorial) VALUES('4223546946', 'El sonido de la montaña', 'Carvajal Ediciones');
INSERT INTO libro (isbn, titulo, editorial) VALUES('8866319798', 'El tambor de hojalata', 'Círculo de Lectores');
INSERT INTO libro (isbn, titulo, editorial) VALUES('2464418847', 'El viejo y el mar', 'Cooperativa Editorial Magisterio');
INSERT INTO libro (isbn, titulo, editorial) VALUES('4393751478', 'En busca del tiempo perdido', 'Difusora Larousse de Colombia Ltda');
INSERT INTO libro (isbn, titulo, editorial) VALUES('5251524920', 'Eneida', 'Ediciones Gamma');
INSERT INTO libro (isbn, titulo, editorial) VALUES('2907129915', 'Ensayo sobre la ceguera', 'Ediciones Urano');
INSERT INTO libro (isbn, titulo, editorial) VALUES('8699676095', 'Ensayos', 'Círculo de Lectores');
INSERT INTO libro (isbn, titulo, editorial) VALUES('5784630936', 'Fausto', 'Cooperativa Editorial Magisterio');
INSERT INTO libro (isbn, titulo, editorial) VALUES('9809760058', 'Ficciones', 'Difusora Larousse de Colombia Ltda');
INSERT INTO libro (isbn, titulo, editorial) VALUES('5567032207', 'Gargantúa y Pantagruel', 'Planeta');
INSERT INTO libro (isbn, titulo, editorial) VALUES('7707848030', 'Genji Monogatari', 'Cangrejo Editores');
INSERT INTO libro (isbn, titulo, editorial) VALUES('650416910', 'Gente independiente', 'Babel Libros');
INSERT INTO libro (isbn, titulo, editorial) VALUES('4689254353', 'Gran Sertón: Veredas', 'Carvajal Ediciones');
INSERT INTO libro (isbn, titulo, editorial) VALUES('1919029204', 'Grandes Esperanzas', 'Círculo de Lectores');
INSERT INTO libro (isbn, titulo, editorial) VALUES('4561122102', 'Guerra y paz', 'Huellas SAS');
INSERT INTO libro (isbn, titulo, editorial) VALUES('630156507', 'Hambre', 'ITA');
INSERT INTO libro (isbn, titulo, editorial) VALUES('209785472', 'Hamlet', 'Planeta');
INSERT INTO libro (isbn, titulo, editorial) VALUES('374041180', 'Hijos de la medianoche', 'Cangrejo Editores');
INSERT INTO libro (isbn, titulo, editorial) VALUES('9654242994', 'Hijos de nuestro barrio', 'Babel Libros');
INSERT INTO libro (isbn, titulo, editorial) VALUES('139374873', 'Hijos y amantes', 'Carvajal Ediciones');
INSERT INTO libro (isbn, titulo, editorial) VALUES('2799076332', 'Hojas de hierba', 'Círculo de Lectores');
INSERT INTO libro (isbn, titulo, editorial) VALUES('1893870908', 'Ilíada', 'Cooperativa Editorial Magisterio');
INSERT INTO libro (isbn, titulo, editorial) VALUES('3163810121', 'Jacques el fatalista', 'Difusora Larousse de Colombia Ltda');
INSERT INTO libro (isbn, titulo, editorial) VALUES('6235654449', 'La conciencia de Zeno', 'Ediciones Gamma');
INSERT INTO libro (isbn, titulo, editorial) VALUES('8691141349', 'La educación sentimental', 'Ediciones Urano');
INSERT INTO libro (isbn, titulo, editorial) VALUES('400745713', 'La historia', 'Entela');
INSERT INTO libro (isbn, titulo, editorial) VALUES('1784376699', 'La montaña mágica', 'Educar Editores');
INSERT INTO libro (isbn, titulo, editorial) VALUES('3526473791', 'La muerte de Iván Ilich', 'Tragaluz Editores');
INSERT INTO libro (isbn, titulo, editorial) VALUES('4816630883', 'La señora Dalloway', 'Taller de Edición Rocca');
INSERT INTO libro (isbn, titulo, editorial) VALUES('9114653780', 'Las aventuras de Huckleberry Finn', 'Vicens Vives');
INSERT INTO libro (isbn, titulo, editorial) VALUES('5124873192', 'Las metamorfosis', 'Círculo de Lectores');
INSERT INTO libro (isbn, titulo, editorial) VALUES('2672711918', 'Las mil y una noches', 'Cooperativa Editorial Magisterio');
INSERT INTO libro (isbn, titulo, editorial) VALUES('418258582', 'Libro de Job (de la Biblia)', 'Difusora Larousse de Colombia Ltda');
INSERT INTO libro (isbn, titulo, editorial) VALUES('9925490618', 'Libro del desasosiego', 'Ediciones Gamma');
INSERT INTO libro (isbn, titulo, editorial) VALUES('3303166354', 'Lolita', 'Carvajal Ediciones');
INSERT INTO libro (isbn, titulo, editorial) VALUES('543008570', 'Los Buddenbrook', 'Círculo de Lectores');
INSERT INTO libro (isbn, titulo, editorial) VALUES('294436937', 'Los cuentos de Canterbury', 'Cooperativa Editorial Magisterio');
INSERT INTO libro (isbn, titulo, editorial) VALUES('8676497570', 'Los endemoniados', 'Difusora Larousse de Colombia Ltda');
INSERT INTO libro (isbn, titulo, editorial) VALUES('3856839861', 'Los hermanos Karamazov', 'Huellas SAS');
INSERT INTO libro (isbn, titulo, editorial) VALUES('6972682830', 'Los viajes de Gulliver', 'ITA');
INSERT INTO libro (isbn, titulo, editorial) VALUES('2725568943', 'Madame Bovary', 'Planeta');
INSERT INTO libro (isbn, titulo, editorial) VALUES('6544749670', 'Mahabhárata', 'Cangrejo Editores');
INSERT INTO libro (isbn, titulo, editorial) VALUES('7668792389', 'Masnavi', 'Babel Libros');
INSERT INTO libro (isbn, titulo, editorial) VALUES('9133083524', 'Medea', 'Carvajal Ediciones');
INSERT INTO libro (isbn, titulo, editorial) VALUES('6264240560', 'Memorias de Adriano', 'Círculo de Lectores');
INSERT INTO libro (isbn, titulo, editorial) VALUES('469198970', 'Middlemarch', 'Cooperativa Editorial Magisterio');
INSERT INTO libro (isbn, titulo, editorial) VALUES('3036493796', 'Moby-Dick', 'Difusora Larousse de Colombia Ltda');
INSERT INTO libro (isbn, titulo, editorial) VALUES('2467651481', 'Molloy, Malone muere, El Innombrable, una trilogía', 'Ediciones Gamma');
INSERT INTO libro (isbn, titulo, editorial) VALUES('9972496644', 'Nostromo', 'Ediciones Urano');
INSERT INTO libro (isbn, titulo, editorial) VALUES('8032776173', 'Odisea', 'Círculo de Lectores');
INSERT INTO libro (isbn, titulo, editorial) VALUES('4587558238', 'Orgullo y prejuicio', 'Cooperativa Editorial Magisterio');
INSERT INTO libro (isbn, titulo, editorial) VALUES('9341274269', 'Otelo', 'Difusora Larousse de Colombia Ltda');
INSERT INTO libro (isbn, titulo, editorial) VALUES('203074243', 'Papá Goriot', 'Planeta');
INSERT INTO libro (isbn, titulo, editorial) VALUES('350385995', 'Pedro Páramo', 'Cangrejo Editores');
INSERT INTO libro (isbn, titulo, editorial) VALUES('3370973078', 'Pippi Calzaslargas', 'Babel Libros');
INSERT INTO libro (isbn, titulo, editorial) VALUES('452927792', 'Poema de Gilgamesh', 'Carvajal Ediciones');
INSERT INTO libro (isbn, titulo, editorial) VALUES('2608996180', 'Poemas', 'Círculo de Lectores');
INSERT INTO libro (isbn, titulo, editorial) VALUES('3631441820', 'Poemas', 'Círculo de Lectores');
INSERT INTO libro (isbn, titulo, editorial) VALUES('995228610', 'Ramayana', 'Cooperativa Editorial Magisterio');
INSERT INTO libro (isbn, titulo, editorial) VALUES('3810514405', 'Relatos cortos', 'Difusora Larousse de Colombia Ltda');
INSERT INTO libro (isbn, titulo, editorial) VALUES('3981849040', 'Relatos cortos', 'Planeta');
INSERT INTO libro (isbn, titulo, editorial) VALUES('1887520087', 'Rojo y negro', 'Cangrejo Editores');
INSERT INTO libro (isbn, titulo, editorial) VALUES('7692119615', 'Romancero gitano', 'Babel Libros');
INSERT INTO libro (isbn, titulo, editorial) VALUES('4535577653', 'Saga de Njál', 'Carvajal Ediciones');
INSERT INTO libro (isbn, titulo, editorial) VALUES('6733490906', 'Shakuntala', 'Círculo de Lectores');
INSERT INTO libro (isbn, titulo, editorial) VALUES('3937177907', 'Tiempo de migrar al norte', 'Ediciones Urano');
INSERT INTO libro (isbn, titulo, editorial) VALUES('5503453794', 'Todo se desmorona', 'Entela');
INSERT INTO libro (isbn, titulo, editorial) VALUES('1398850621', 'Ulises', 'Educar Editores');
INSERT INTO libro (isbn, titulo, editorial) VALUES('6943835948', 'Viaje al fin de la noche', 'Tragaluz Editores');
INSERT INTO libro (isbn, titulo, editorial) VALUES('9042084317', 'Vida y opiniones del caballero Tristram Shandy', 'Taller de Edición Rocca');
INSERT INTO libro (isbn, titulo, editorial) VALUES('8355482320', 'Zorba, el griego', 'Vicens Vives');

INSERT INTO libro_autor (isbn, codigo_autor) VALUES('1533293866', '1');
INSERT INTO libro_autor (isbn, codigo_autor) VALUES('7755249092', '2');
INSERT INTO libro_autor (isbn, codigo_autor) VALUES('565855895', '3');
INSERT INTO libro_autor (isbn, codigo_autor) VALUES('2517149072', '4');
INSERT INTO libro_autor (isbn, codigo_autor) VALUES('6569518987', '5');
INSERT INTO libro_autor (isbn, codigo_autor) VALUES('8227589300', '6');
INSERT INTO libro_autor (isbn, codigo_autor) VALUES('1482356428', '7');
INSERT INTO libro_autor (isbn, codigo_autor) VALUES('6070112687', '8');
INSERT INTO libro_autor (isbn, codigo_autor) VALUES('8049677882', '9');
INSERT INTO libro_autor (isbn, codigo_autor) VALUES('7645116500', '10');
INSERT INTO libro_autor (isbn, codigo_autor) VALUES('539897584', '11');
INSERT INTO libro_autor (isbn, codigo_autor) VALUES('778085868', '12');
INSERT INTO libro_autor (isbn, codigo_autor) VALUES('9312935994', '13');
INSERT INTO libro_autor (isbn, codigo_autor) VALUES('7821575368', '14');
INSERT INTO libro_autor (isbn, codigo_autor) VALUES('133128198', '15');
INSERT INTO libro_autor (isbn, codigo_autor) VALUES('7542363969', '16');
INSERT INTO libro_autor (isbn, codigo_autor) VALUES('314482058', '17');
INSERT INTO libro_autor (isbn, codigo_autor) VALUES('3544279944', '18');
INSERT INTO libro_autor (isbn, codigo_autor) VALUES('9800669710', '19');
INSERT INTO libro_autor (isbn, codigo_autor) VALUES('529717391', '20');
INSERT INTO libro_autor (isbn, codigo_autor) VALUES('329336948', '21');
INSERT INTO libro_autor (isbn, codigo_autor) VALUES('6754160348', '22');
INSERT INTO libro_autor (isbn, codigo_autor) VALUES('6659916958', '23');
INSERT INTO libro_autor (isbn, codigo_autor) VALUES('6975082717', '24');
INSERT INTO libro_autor (isbn, codigo_autor) VALUES('7327262410', '25');
INSERT INTO libro_autor (isbn, codigo_autor) VALUES('3171377498', '26');
INSERT INTO libro_autor (isbn, codigo_autor) VALUES('9483446810', '27');
INSERT INTO libro_autor (isbn, codigo_autor) VALUES('6352693980', '28');
INSERT INTO libro_autor (isbn, codigo_autor) VALUES('2198367949', '29');
INSERT INTO libro_autor (isbn, codigo_autor) VALUES('4223546946', '30');
INSERT INTO libro_autor (isbn, codigo_autor) VALUES('8866319798', '31');
INSERT INTO libro_autor (isbn, codigo_autor) VALUES('2464418847', '32');
INSERT INTO libro_autor (isbn, codigo_autor) VALUES('4393751478', '33');
INSERT INTO libro_autor (isbn, codigo_autor) VALUES('5251524920', '34');
INSERT INTO libro_autor (isbn, codigo_autor) VALUES('2907129915', '35');
INSERT INTO libro_autor (isbn, codigo_autor) VALUES('8699676095', '36');
INSERT INTO libro_autor (isbn, codigo_autor) VALUES('5784630936', '37');
INSERT INTO libro_autor (isbn, codigo_autor) VALUES('9809760058', '38');
INSERT INTO libro_autor (isbn, codigo_autor) VALUES('5567032207', '39');
INSERT INTO libro_autor (isbn, codigo_autor) VALUES('7707848030', '40');
INSERT INTO libro_autor (isbn, codigo_autor) VALUES('650416910', '41');
INSERT INTO libro_autor (isbn, codigo_autor) VALUES('4689254353', '42');
INSERT INTO libro_autor (isbn, codigo_autor) VALUES('1919029204', '43');
INSERT INTO libro_autor (isbn, codigo_autor) VALUES('4561122102', '44');
INSERT INTO libro_autor (isbn, codigo_autor) VALUES('630156507', '45');
INSERT INTO libro_autor (isbn, codigo_autor) VALUES('209785472', '46');
INSERT INTO libro_autor (isbn, codigo_autor) VALUES('374041180', '47');
INSERT INTO libro_autor (isbn, codigo_autor) VALUES('9654242994', '48');
INSERT INTO libro_autor (isbn, codigo_autor) VALUES('139374873', '49');
INSERT INTO libro_autor (isbn, codigo_autor) VALUES('2799076332', '50');
INSERT INTO libro_autor (isbn, codigo_autor) VALUES('1893870908', '51');
INSERT INTO libro_autor (isbn, codigo_autor) VALUES('3163810121', '52');
INSERT INTO libro_autor (isbn, codigo_autor) VALUES('6235654449', '53');
INSERT INTO libro_autor (isbn, codigo_autor) VALUES('8691141349', '54');
INSERT INTO libro_autor (isbn, codigo_autor) VALUES('400745713', '55');
INSERT INTO libro_autor (isbn, codigo_autor) VALUES('1784376699', '56');
INSERT INTO libro_autor (isbn, codigo_autor) VALUES('3526473791', '57');
INSERT INTO libro_autor (isbn, codigo_autor) VALUES('4816630883', '58');
INSERT INTO libro_autor (isbn, codigo_autor) VALUES('9114653780', '59');
INSERT INTO libro_autor (isbn, codigo_autor) VALUES('5124873192', '60');
INSERT INTO libro_autor (isbn, codigo_autor) VALUES('2672711918', '61');
INSERT INTO libro_autor (isbn, codigo_autor) VALUES('418258582', '62');
INSERT INTO libro_autor (isbn, codigo_autor) VALUES('9925490618', '63');
INSERT INTO libro_autor (isbn, codigo_autor) VALUES('3303166354', '64');
INSERT INTO libro_autor (isbn, codigo_autor) VALUES('543008570', '65');
INSERT INTO libro_autor (isbn, codigo_autor) VALUES('294436937', '66');
INSERT INTO libro_autor (isbn, codigo_autor) VALUES('8676497570', '67');
INSERT INTO libro_autor (isbn, codigo_autor) VALUES('3856839861', '68');
INSERT INTO libro_autor (isbn, codigo_autor) VALUES('6972682830', '69');
INSERT INTO libro_autor (isbn, codigo_autor) VALUES('2725568943', '70');
INSERT INTO libro_autor (isbn, codigo_autor) VALUES('6544749670', '71');
INSERT INTO libro_autor (isbn, codigo_autor) VALUES('7668792389', '72');
INSERT INTO libro_autor (isbn, codigo_autor) VALUES('9133083524', '73');
INSERT INTO libro_autor (isbn, codigo_autor) VALUES('6264240560', '74');
INSERT INTO libro_autor (isbn, codigo_autor) VALUES('469198970', '75');
INSERT INTO libro_autor (isbn, codigo_autor) VALUES('3036493796', '76');
INSERT INTO libro_autor (isbn, codigo_autor) VALUES('2467651481', '77');
INSERT INTO libro_autor (isbn, codigo_autor) VALUES('9972496644', '78');
INSERT INTO libro_autor (isbn, codigo_autor) VALUES('8032776173', '79');
INSERT INTO libro_autor (isbn, codigo_autor) VALUES('4587558238', '80');
INSERT INTO libro_autor (isbn, codigo_autor) VALUES('9341274269', '81');
INSERT INTO libro_autor (isbn, codigo_autor) VALUES('203074243', '82');

INSERT INTO ejemplar (isbn, id) VALUES('1533293866', 1);
INSERT INTO ejemplar (isbn, id) VALUES('1533293866', 2);
INSERT INTO ejemplar (isbn, id) VALUES('1533293866', 3);
INSERT INTO ejemplar (isbn, id) VALUES('7755249092', 1);
INSERT INTO ejemplar (isbn, id) VALUES('7755249092', 2);
INSERT INTO ejemplar (isbn, id) VALUES('565855895', 1);
INSERT INTO ejemplar (isbn, id) VALUES('565855895', 2);
INSERT INTO ejemplar (isbn, id) VALUES('2517149072', 1);
INSERT INTO ejemplar (isbn, id) VALUES('6569518987', 1);
INSERT INTO ejemplar (isbn, id) VALUES('8227589300', 1);
INSERT INTO ejemplar (isbn, id) VALUES('8227589300', 2);
INSERT INTO ejemplar (isbn, id) VALUES('1482356428', 1);
INSERT INTO ejemplar (isbn, id) VALUES('6070112687', 1);
INSERT INTO ejemplar (isbn, id) VALUES('8049677882', 1);
INSERT INTO ejemplar (isbn, id) VALUES('7645116500', 1);
INSERT INTO ejemplar (isbn, id) VALUES('539897584', 1);
INSERT INTO ejemplar (isbn, id) VALUES('778085868', 1);
INSERT INTO ejemplar (isbn, id) VALUES('9312935994', 1);
INSERT INTO ejemplar (isbn, id) VALUES('7821575368', 1);
INSERT INTO ejemplar (isbn, id) VALUES('133128198', 1);
INSERT INTO ejemplar (isbn, id) VALUES('7542363969', 1);
INSERT INTO ejemplar (isbn, id) VALUES('314482058', 1);
INSERT INTO ejemplar (isbn, id) VALUES('3544279944', 1);
INSERT INTO ejemplar (isbn, id) VALUES('9800669710', 1);
INSERT INTO ejemplar (isbn, id) VALUES('529717391', 1);
INSERT INTO ejemplar (isbn, id) VALUES('329336948', 1);
INSERT INTO ejemplar (isbn, id) VALUES('6754160348', 1);
INSERT INTO ejemplar (isbn, id) VALUES('6659916958', 1);
INSERT INTO ejemplar (isbn, id) VALUES('6975082717', 1);
INSERT INTO ejemplar (isbn, id) VALUES('7327262410', 1);
INSERT INTO ejemplar (isbn, id) VALUES('3171377498', 1);
INSERT INTO ejemplar (isbn, id) VALUES('9483446810', 1);
INSERT INTO ejemplar (isbn, id) VALUES('6352693980', 1);
INSERT INTO ejemplar (isbn, id) VALUES('2198367949', 1);
INSERT INTO ejemplar (isbn, id) VALUES('4223546946', 1);
INSERT INTO ejemplar (isbn, id) VALUES('8866319798', 1);
INSERT INTO ejemplar (isbn, id) VALUES('2464418847', 1);
INSERT INTO ejemplar (isbn, id) VALUES('4393751478', 1);
INSERT INTO ejemplar (isbn, id) VALUES('5251524920', 1);
INSERT INTO ejemplar (isbn, id) VALUES('2907129915', 1);
INSERT INTO ejemplar (isbn, id) VALUES('8699676095', 1);
INSERT INTO ejemplar (isbn, id) VALUES('5784630936', 1);
INSERT INTO ejemplar (isbn, id) VALUES('9809760058', 1);
INSERT INTO ejemplar (isbn, id) VALUES('5567032207', 1);
INSERT INTO ejemplar (isbn, id) VALUES('7707848030', 1);
INSERT INTO ejemplar (isbn, id) VALUES('650416910', 1);
INSERT INTO ejemplar (isbn, id) VALUES('4689254353', 1);
INSERT INTO ejemplar (isbn, id) VALUES('1919029204', 1);
INSERT INTO ejemplar (isbn, id) VALUES('4561122102', 1);
INSERT INTO ejemplar (isbn, id) VALUES('630156507', 1);
INSERT INTO ejemplar (isbn, id) VALUES('209785472', 1);
INSERT INTO ejemplar (isbn, id) VALUES('374041180', 1);
INSERT INTO ejemplar (isbn, id) VALUES('9654242994', 1);
INSERT INTO ejemplar (isbn, id) VALUES('139374873', 1);
INSERT INTO ejemplar (isbn, id) VALUES('2799076332', 1);
INSERT INTO ejemplar (isbn, id) VALUES('1893870908', 1);
INSERT INTO ejemplar (isbn, id) VALUES('3163810121', 1);
INSERT INTO ejemplar (isbn, id) VALUES('6235654449', 1);
INSERT INTO ejemplar (isbn, id) VALUES('8691141349', 1);
INSERT INTO ejemplar (isbn, id) VALUES('400745713', 1);
INSERT INTO ejemplar (isbn, id) VALUES('1784376699', 1);
INSERT INTO ejemplar (isbn, id) VALUES('3526473791', 1);
INSERT INTO ejemplar (isbn, id) VALUES('4816630883', 1);
INSERT INTO ejemplar (isbn, id) VALUES('9114653780', 1);
INSERT INTO ejemplar (isbn, id) VALUES('5124873192', 1);
INSERT INTO ejemplar (isbn, id) VALUES('2672711918', 1);
INSERT INTO ejemplar (isbn, id) VALUES('418258582', 1);
INSERT INTO ejemplar (isbn, id) VALUES('9925490618', 1);
INSERT INTO ejemplar (isbn, id) VALUES('3303166354', 1);
INSERT INTO ejemplar (isbn, id) VALUES('543008570', 1);
INSERT INTO ejemplar (isbn, id) VALUES('294436937', 1);
INSERT INTO ejemplar (isbn, id) VALUES('8676497570', 1);
INSERT INTO ejemplar (isbn, id) VALUES('3856839861', 1);
INSERT INTO ejemplar (isbn, id) VALUES('6972682830', 1);
INSERT INTO ejemplar (isbn, id) VALUES('2725568943', 1);
INSERT INTO ejemplar (isbn, id) VALUES('6544749670', 1);
INSERT INTO ejemplar (isbn, id) VALUES('7668792389', 1);
INSERT INTO ejemplar (isbn, id) VALUES('9133083524', 1);
INSERT INTO ejemplar (isbn, id) VALUES('6264240560', 1);
INSERT INTO ejemplar (isbn, id) VALUES('469198970', 1);
INSERT INTO ejemplar (isbn, id) VALUES('3036493796', 1);
INSERT INTO ejemplar (isbn, id) VALUES('2467651481', 1);
INSERT INTO ejemplar (isbn, id) VALUES('9972496644', 1);
INSERT INTO ejemplar (isbn, id) VALUES('8032776173', 1);
INSERT INTO ejemplar (isbn, id) VALUES('4587558238', 1);
INSERT INTO ejemplar (isbn, id) VALUES('9341274269', 1);
INSERT INTO ejemplar (isbn, id) VALUES('203074243', 1);
INSERT INTO ejemplar (isbn, id) VALUES('350385995', 1);
INSERT INTO ejemplar (isbn, id) VALUES('3370973078', 1);
INSERT INTO ejemplar (isbn, id) VALUES('452927792', 1);
INSERT INTO ejemplar (isbn, id) VALUES('2608996180', 1);
INSERT INTO ejemplar (isbn, id) VALUES('3631441820', 1);
INSERT INTO ejemplar (isbn, id) VALUES('995228610', 1);
INSERT INTO ejemplar (isbn, id) VALUES('3810514405', 1);
INSERT INTO ejemplar (isbn, id) VALUES('3981849040', 1);
INSERT INTO ejemplar (isbn, id) VALUES('1887520087', 1);
INSERT INTO ejemplar (isbn, id) VALUES('7692119615', 1);
INSERT INTO ejemplar (isbn, id) VALUES('4535577653', 1);
INSERT INTO ejemplar (isbn, id) VALUES('6733490906', 1);
INSERT INTO ejemplar (isbn, id) VALUES('3937177907', 1);
INSERT INTO ejemplar (isbn, id) VALUES('5503453794', 1);
INSERT INTO ejemplar (isbn, id) VALUES('1398850621', 1);
INSERT INTO ejemplar (isbn, id) VALUES('6943835948', 1);
INSERT INTO ejemplar (isbn, id) VALUES('9042084317', 1);
INSERT INTO ejemplar (isbn, id) VALUES('8355482320', 1);

