SET search_path = facultad;

INSERT INTO tipo_identificacion (tipo, nombre) VALUES ('CC', 'Cédula de Ciudadanía');
INSERT INTO tipo_identificacion (tipo, nombre) VALUES ('CE', 'Cédula de Extranjería');
INSERT INTO tipo_identificacion (tipo, nombre) VALUES ('PA', 'Pasaporte');
INSERT INTO tipo_identificacion (tipo, nombre) VALUES ('TI', 'Tarjeta de Identidad');
INSERT INTO tipo_identificacion (tipo, nombre) VALUES ('RC', 'Registro Civil');
INSERT INTO tipo_identificacion (tipo, nombre) VALUES ('PP', 'Permiso de Permanencia');
INSERT INTO tipo_identificacion (tipo, nombre) VALUES ('NIT', 'NIT');


INSERT INTO persona (tipo_identificacion, identificacion, primer_nombre, segundo_nombre, primer_apellido, segundo_apellido, direccion, telefono) VALUES('CC', '240310220', 'Alan', 'Victor', 'Martinez', 'Zambrano', 'Verbenal', '6133928884');
INSERT INTO persona (tipo_identificacion, identificacion, primer_nombre, segundo_nombre, primer_apellido, segundo_apellido, direccion, telefono) VALUES('CE', '19834798', 'Jacinto', 'Tomás', 'Mesa', 'Polo', 'La Uribe', '6410056716');
INSERT INTO persona (tipo_identificacion, identificacion, primer_nombre, segundo_nombre, primer_apellido, segundo_apellido, direccion, telefono) VALUES('PA', '137875536', '', '', 'Tovar', 'Montes', 'San Cristóbal Norte', '237261436');
INSERT INTO persona (tipo_identificacion, identificacion, primer_nombre, segundo_nombre, primer_apellido, segundo_apellido, direccion, telefono) VALUES('TI', '71539755', 'Alicia', 'Zulema', 'Gaviria', '', 'Toberín', '3657707326');
INSERT INTO persona (tipo_identificacion, identificacion, primer_nombre, segundo_nombre, primer_apellido, segundo_apellido, direccion, telefono) VALUES('RC', '1318097', 'Jesús', 'Yayo', 'Palacio', '', 'Los Cedros', '3245246863');
INSERT INTO persona (tipo_identificacion, identificacion, primer_nombre, segundo_nombre, primer_apellido, segundo_apellido, direccion, telefono) VALUES('PP', '668877617', 'Mirta', '', 'Uribe', 'Galvis', 'Usaquén', '5843706163');
INSERT INTO persona (tipo_identificacion, identificacion, primer_nombre, segundo_nombre, primer_apellido, segundo_apellido, direccion, telefono) VALUES('CC', '593562797', 'Andrea', '', 'Guevara', 'Ardila', 'Country Club', '2387441372');
INSERT INTO persona (tipo_identificacion, identificacion, primer_nombre, segundo_nombre, primer_apellido, segundo_apellido, direccion, telefono) VALUES('CE', '208772764', 'Josefina', 'Tato', 'Arboleda', 'Mesa', 'Santa Bárbara', '6759343454');
INSERT INTO persona (tipo_identificacion, identificacion, primer_nombre, segundo_nombre, primer_apellido, segundo_apellido, direccion, telefono) VALUES('PA', '416101373', 'Mónica', 'Rosario', 'Miranda', '', 'El Refugio', '6453135782');
INSERT INTO persona (tipo_identificacion, identificacion, primer_nombre, segundo_nombre, primer_apellido, segundo_apellido, direccion, telefono) VALUES('TI', '74957559', 'Andrés', '', 'Marquez', 'Gaviria', 'San Isidro-Patios', '705371876');
INSERT INTO persona (tipo_identificacion, identificacion, primer_nombre, segundo_nombre, primer_apellido, segundo_apellido, direccion, telefono) VALUES('RC', '618591425', 'Juan', '', 'Cifuentes', '', 'Pardo Rubio', '1212657539');
INSERT INTO persona (tipo_identificacion, identificacion, primer_nombre, segundo_nombre, primer_apellido, segundo_apellido, direccion, telefono) VALUES('PP', '271108361', 'Nicolás', 'Rodrigo', 'Meza', 'Uribe', 'Chicó Lago', '303590661');
INSERT INTO persona (tipo_identificacion, identificacion, primer_nombre, segundo_nombre, primer_apellido, segundo_apellido, direccion, telefono) VALUES('CC', '993340513', 'Antonia', '', 'Sepulveda', 'Guevara', 'Chapinero', '561387996');
INSERT INTO persona (tipo_identificacion, identificacion, primer_nombre, segundo_nombre, primer_apellido, segundo_apellido, direccion, telefono) VALUES('CE', '82393751', 'Juana', 'Paula', 'Rueda', 'Arboleda', 'Sagrado Corazón', '9931883310');
INSERT INTO persona (tipo_identificacion, identificacion, primer_nombre, segundo_nombre, primer_apellido, segundo_apellido, direccion, telefono) VALUES('PA', '360788755', 'Noé', 'Patricio', 'Fuentes', '', 'La Macarena', '4014898312');
INSERT INTO persona (tipo_identificacion, identificacion, primer_nombre, segundo_nombre, primer_apellido, segundo_apellido, direccion, telefono) VALUES('TI', '995213147', 'Antonio', '', 'Benitez', 'Marquez', 'Las Nieves', '8625948647');
INSERT INTO persona (tipo_identificacion, identificacion, primer_nombre, segundo_nombre, primer_apellido, segundo_apellido, direccion, telefono) VALUES('RC', '188360536', 'Juárez', 'Noé', 'Meneses', 'Cifuentes', 'Las Cruces', '4202696504');
INSERT INTO persona (tipo_identificacion, identificacion, primer_nombre, segundo_nombre, primer_apellido, segundo_apellido, direccion, telefono) VALUES('PP', '71924910', 'Noelia', '', 'Velasco', 'Meza', 'Lourdes', '4820289139');
INSERT INTO persona (tipo_identificacion, identificacion, primer_nombre, segundo_nombre, primer_apellido, segundo_apellido, direccion, telefono) VALUES('CC', '248390779', 'Azul', 'Mónica', 'Loaiza', 'Sepulveda', 'San Blas', '3020256483');
INSERT INTO persona (tipo_identificacion, identificacion, primer_nombre, segundo_nombre, primer_apellido, segundo_apellido, direccion, telefono) VALUES('CE', '65890471', 'Julia', 'Mirta', 'Estrada', 'Rueda', 'Sociego', '1567268344');
INSERT INTO persona (tipo_identificacion, identificacion, primer_nombre, segundo_nombre, primer_apellido, segundo_apellido, direccion, telefono) VALUES('PA', '65192853', 'Paula', '', 'Nuñez', '', '20 de Julio', '9897959224');
INSERT INTO persona (tipo_identificacion, identificacion, primer_nombre, segundo_nombre, primer_apellido, segundo_apellido, direccion, telefono) VALUES('TI', '380915409', 'Bartolomé', 'Martín', 'Aguilar', 'Benitez', 'La Gloria', '8285539797');
INSERT INTO persona (tipo_identificacion, identificacion, primer_nombre, segundo_nombre, primer_apellido, segundo_apellido, direccion, telefono) VALUES('RC', '201683555', 'Julián', 'Mariano', 'Ayala', 'Meneses', 'Los Libertadores', '9388632403');
INSERT INTO persona (tipo_identificacion, identificacion, primer_nombre, segundo_nombre, primer_apellido, segundo_apellido, direccion, telefono) VALUES('PP', '863755330', 'Patricio', '', 'Solano', '', 'La Flora', '2205923364');
INSERT INTO persona (tipo_identificacion, identificacion, primer_nombre, segundo_nombre, primer_apellido, segundo_apellido, direccion, telefono) VALUES('CC', '634415811', 'Belén', 'Luisa', 'Monsalve', 'Loaiza', 'Danubio', '8552868584');
INSERT INTO persona (tipo_identificacion, identificacion, primer_nombre, segundo_nombre, primer_apellido, segundo_apellido, direccion, telefono) VALUES('CE', '590897191', 'Celeste', '', 'Bolaños', '', 'Gran Yomasa', '8637019341');
INSERT INTO persona (tipo_identificacion, identificacion, primer_nombre, segundo_nombre, primer_apellido, segundo_apellido, direccion, telefono) VALUES('PA', '737257469', 'Edgardo', '', 'Arenas', '', 'Comuneros', '9545025036');
INSERT INTO persona (tipo_identificacion, identificacion, primer_nombre, segundo_nombre, primer_apellido, segundo_apellido, direccion, telefono) VALUES('TI', '727542311', 'Felicia', '', 'Cabrera', 'Aguilar', 'Alfonso López', '6091757642');
INSERT INTO persona (tipo_identificacion, identificacion, primer_nombre, segundo_nombre, primer_apellido, segundo_apellido, direccion, telefono) VALUES('RC', '718882820', 'Florencia', '', 'Galindo', 'Ayala', 'Parque Entrenubes', '5923182669');
INSERT INTO persona (tipo_identificacion, identificacion, primer_nombre, segundo_nombre, primer_apellido, segundo_apellido, direccion, telefono) VALUES('PP', '47145764', 'Luisa', '', 'Becerra', '', 'Ciudad Usme', '4358269842');
INSERT INTO persona (tipo_identificacion, identificacion, primer_nombre, segundo_nombre, primer_apellido, segundo_apellido, direccion, telefono) VALUES('CC', '544983772', 'Rosario', 'Juliana', 'Fonseca', 'Monsalve', 'Venecia', '9181352367');
INSERT INTO persona (tipo_identificacion, identificacion, primer_nombre, segundo_nombre, primer_apellido, segundo_apellido, direccion, telefono) VALUES('CE', '756297187', 'Gaspar', 'Julián', 'Perdomo', 'Bolaños', 'Tunjuelito', '9913011727');
INSERT INTO persona (tipo_identificacion, identificacion, primer_nombre, segundo_nombre, primer_apellido, segundo_apellido, direccion, telefono) VALUES('PA', '400930626', 'Marcelo', '', 'Castellanos', 'Arenas', 'Apogeo', '8418234395');
INSERT INTO persona (tipo_identificacion, identificacion, primer_nombre, segundo_nombre, primer_apellido, segundo_apellido, direccion, telefono) VALUES('TI', '40302843', 'Tato', '', 'Betancur', '', 'Bosa Occidental', '7901762481');
INSERT INTO persona (tipo_identificacion, identificacion, primer_nombre, segundo_nombre, primer_apellido, segundo_apellido, direccion, telefono) VALUES('RC', '69549705', 'Gerardo', '', 'Bohorquez', 'Galindo', 'Bosa Central', '9253402407');
INSERT INTO persona (tipo_identificacion, identificacion, primer_nombre, segundo_nombre, primer_apellido, segundo_apellido, direccion, telefono) VALUES('PP', '898201485', 'Marcos', 'Juan', 'Campo', 'Becerra', 'El Porvenir', '4820493908');
INSERT INTO persona (tipo_identificacion, identificacion, primer_nombre, segundo_nombre, primer_apellido, segundo_apellido, direccion, telefono) VALUES('CC', '422871305', 'Tomás', '', 'Salcedo', '', 'Tintal Sur', '147410225');
INSERT INTO persona (tipo_identificacion, identificacion, primer_nombre, segundo_nombre, primer_apellido, segundo_apellido, direccion, telefono) VALUES('CE', '633698991', 'Jesús', '', 'Zuñiga', 'Perdomo', 'Castilla', '2336979364');
INSERT INTO persona (tipo_identificacion, identificacion, primer_nombre, segundo_nombre, primer_apellido, segundo_apellido, direccion, telefono) VALUES('PA', '4591378', 'María', 'Josefina', 'Luna', 'Castellanos', 'Américas', '4255919379');
INSERT INTO persona (tipo_identificacion, identificacion, primer_nombre, segundo_nombre, primer_apellido, segundo_apellido, direccion, telefono) VALUES('TI', '599962906', 'Victor', 'Gustavo', 'Galeano', '', 'Carvajal', '8038934755');
INSERT INTO persona (tipo_identificacion, identificacion, primer_nombre, segundo_nombre, primer_apellido, segundo_apellido, direccion, telefono) VALUES('RC', '84624492', 'Gonzalo', '', 'Carmona', 'Bohorquez', 'Kennedy Central', '4695986752');
INSERT INTO persona (tipo_identificacion, identificacion, primer_nombre, segundo_nombre, primer_apellido, segundo_apellido, direccion, telefono) VALUES('PP', '808694919', 'Mariano', '', 'Pulido', 'Campo', 'Timiza', '3683578152');
INSERT INTO persona (tipo_identificacion, identificacion, primer_nombre, segundo_nombre, primer_apellido, segundo_apellido, direccion, telefono) VALUES('CC', '832668883', 'Yayo', 'Gerardo', 'Caro', '', 'Tintal Norte', '5102629935');
INSERT INTO persona (tipo_identificacion, identificacion, primer_nombre, segundo_nombre, primer_apellido, segundo_apellido, direccion, telefono) VALUES('CE', '93557111', 'Gustavo', 'Gaspar', 'Melo', '', 'Calandaima', '1459853337');
INSERT INTO persona (tipo_identificacion, identificacion, primer_nombre, segundo_nombre, primer_apellido, segundo_apellido, direccion, telefono) VALUES('PA', '56294248', 'Martín', '', 'Gonzales', 'Luna', 'Corabastos', '1441216137');
INSERT INTO persona (tipo_identificacion, identificacion, primer_nombre, segundo_nombre, primer_apellido, segundo_apellido, direccion, telefono) VALUES('TI', '34523313', 'Zulema', 'Felicia', 'Bravo', 'Galeano', 'Gran Britalia', '2769111125');
INSERT INTO persona (tipo_identificacion, identificacion, primer_nombre, segundo_nombre, primer_apellido, segundo_apellido, direccion, telefono) VALUES('RC', '59085422', 'Juliana', '', 'Jaimes', 'Carmona', 'Carvajal', '5602258035');
INSERT INTO persona (tipo_identificacion, identificacion, primer_nombre, segundo_nombre, primer_apellido, segundo_apellido, direccion, telefono) VALUES('PP', '623508331', 'Renzo', 'Bartolomé', 'Camargo', 'Pulido', 'Kennedy Central', '8641604906');
INSERT INTO persona (tipo_identificacion, identificacion, primer_nombre, segundo_nombre, primer_apellido, segundo_apellido, direccion, telefono) VALUES('CC', '561597698', 'Julio', '', 'Espinosa', '', 'Timiza', '3765472788');
INSERT INTO persona (tipo_identificacion, identificacion, primer_nombre, segundo_nombre, primer_apellido, segundo_apellido, direccion, telefono) VALUES('CE', '792408493', 'Rodrigo', 'Antonio', 'Serna', 'Melo', 'Tintal Norte', '2291908673');
INSERT INTO persona (tipo_identificacion, identificacion, primer_nombre, segundo_nombre, primer_apellido, segundo_apellido, direccion, telefono) VALUES('PA', '776574618', 'Leandro', 'Alan', 'Ariza', 'Gonzales', 'Calandaima', '8891169218');
INSERT INTO persona (tipo_identificacion, identificacion, primer_nombre, segundo_nombre, primer_apellido, segundo_apellido, direccion, telefono) VALUES('TI', '218121398', 'Andrés', '', 'Ochoa', '', 'Corabastos', '4990844467');
INSERT INTO persona (tipo_identificacion, identificacion, primer_nombre, segundo_nombre, primer_apellido, segundo_apellido, direccion, telefono) VALUES('RC', '801916770', 'Luis', '', 'Amaya', 'Jaimes', 'Gran Britalia', '162058584');
INSERT INTO persona (tipo_identificacion, identificacion, primer_nombre, segundo_nombre, primer_apellido, segundo_apellido, direccion, telefono) VALUES('PP', '451673406', 'Romina', 'Antonia', 'Arevalo', '', 'Gran Britalia', '7331760895');

INSERT INTO tipo_programa(tipo, nombre) VALUES ('TEC', 'Técnico');
INSERT INTO tipo_programa(tipo, nombre) VALUES ('PRE', 'Profesional');
INSERT INTO tipo_programa(tipo, nombre) VALUES ('ESP', 'Especialización');
INSERT INTO tipo_programa(tipo, nombre) VALUES ('MAE', 'Maestría');
INSERT INTO tipo_programa(tipo, nombre) VALUES ('DOC', 'Doctorado');


INSERT INTO carrera(codigo, nombre, tipo) VALUES ('ADM_01', 'Administración de Empresas', 'PRE');
INSERT INTO carrera(codigo, nombre, tipo) VALUES ('ADM_02', 'Administración Turística', 'PRE');
INSERT INTO carrera(codigo, nombre, tipo) VALUES ('ADM_03', 'Administración Comercial y de Mercadeo', 'PRE');
INSERT INTO carrera(codigo, nombre, tipo) VALUES ('ADM_04', 'Administración Financiera', 'PRE');
INSERT INTO carrera(codigo, nombre, tipo) VALUES ('ADM_05', 'Contaduría Pública', 'PRE');

INSERT INTO asignatura (codigo, nombre, creditos) VALUES('1', 'Administración para ingenieros', 3);
INSERT INTO asignatura (codigo, nombre, creditos) VALUES('2', 'Álgebra Lineal', 4);
INSERT INTO asignatura (codigo, nombre, creditos) VALUES('3', 'Álgebra y matemática discreta', 2);
INSERT INTO asignatura (codigo, nombre, creditos) VALUES('4', 'Algoritmia y complejidad', 3);
INSERT INTO asignatura (codigo, nombre, creditos) VALUES('5', 'Algoritmia y programación', 4);
INSERT INTO asignatura (codigo, nombre, creditos) VALUES('6', 'Algorítmica y Programación Orientada Por Objetos', 4);
INSERT INTO asignatura (codigo, nombre, creditos) VALUES('7', 'Ambiente urbano', 4);
INSERT INTO asignatura (codigo, nombre, creditos) VALUES('8', 'Ambiente y desarrollo sostenible', 4);
INSERT INTO asignatura (codigo, nombre, creditos) VALUES('9', 'Ambiente y territorio', 3);
INSERT INTO asignatura (codigo, nombre, creditos) VALUES('10', 'Análisis de datos en ingeniería I', 3);
INSERT INTO asignatura (codigo, nombre, creditos) VALUES('11', 'Análisis de datos en ingeniería II', 3);
INSERT INTO asignatura (codigo, nombre, creditos) VALUES('12', 'Análisis de Decisión de Inversión', 3);
INSERT INTO asignatura (codigo, nombre, creditos) VALUES('13', 'Análisis de Sistemas de Control', 3);
INSERT INTO asignatura (codigo, nombre, creditos) VALUES('14', 'Análisis modelos de gestión del talento humano', 3);
INSERT INTO asignatura (codigo, nombre, creditos) VALUES('15', 'Análisis y evaluación de proyectos de inversión', 4);
INSERT INTO asignatura (codigo, nombre, creditos) VALUES('16', 'Aplicaciones de la Química', 2);
INSERT INTO asignatura (codigo, nombre, creditos) VALUES('17', 'Bases de datos', 3);
INSERT INTO asignatura (codigo, nombre, creditos) VALUES('18', 'Biología Celular-Laboratorio', 4);
INSERT INTO asignatura (codigo, nombre, creditos) VALUES('19', 'Biología Celular-Teoría', 4);
INSERT INTO asignatura (codigo, nombre, creditos) VALUES('20', 'Cálculo Diferencial', 4);
INSERT INTO asignatura (codigo, nombre, creditos) VALUES('22', 'Cálculo I', 3);
INSERT INTO asignatura (codigo, nombre, creditos) VALUES('24', 'Cálculo II', 3);
INSERT INTO asignatura (codigo, nombre, creditos) VALUES('25', 'Calculo III', 3);
INSERT INTO asignatura (codigo, nombre, creditos) VALUES('26', 'Cálculo Integral con Ecuaciones Diferenciales', 3);
INSERT INTO asignatura (codigo, nombre, creditos) VALUES('27', 'Cálculo Vectorial', 3);
INSERT INTO asignatura (codigo, nombre, creditos) VALUES('28', 'Cálculo y métodos numéricos', 4);
INSERT INTO asignatura (codigo, nombre, creditos) VALUES('29', 'Campos electromagnéticos', 2);
INSERT INTO asignatura (codigo, nombre, creditos) VALUES('30', 'Cartografia', 3);
INSERT INTO asignatura (codigo, nombre, creditos) VALUES('31', 'Catedra institucional', 4);
INSERT INTO asignatura (codigo, nombre, creditos) VALUES('32', 'Ciclo Básico', 4);
INSERT INTO asignatura (codigo, nombre, creditos) VALUES('33', 'Ciencia de los materiales', 4);
INSERT INTO asignatura (codigo, nombre, creditos) VALUES('34', 'Circuitos eléctricos', 4);
INSERT INTO asignatura (codigo, nombre, creditos) VALUES('35', 'Circuitos electrónicos', 3);
INSERT INTO asignatura (codigo, nombre, creditos) VALUES('36', 'Circuitos logicos', 3);
INSERT INTO asignatura (codigo, nombre, creditos) VALUES('37', 'Competencias comunicativas I', 3);
INSERT INTO asignatura (codigo, nombre, creditos) VALUES('38', 'Competencias comunicativas II', 3);
INSERT INTO asignatura (codigo, nombre, creditos) VALUES('39', 'Complementaria Equilibrio', 3);
INSERT INTO asignatura (codigo, nombre, creditos) VALUES('40', 'Complementaria Fenómenos de Transporte 1', 3);
INSERT INTO asignatura (codigo, nombre, creditos) VALUES('41', 'Complementaria Fenómenos Transporte II', 4);
INSERT INTO asignatura (codigo, nombre, creditos) VALUES('42', 'Complementaria Ingeniería de Reacciones', 2);
INSERT INTO asignatura (codigo, nombre, creditos) VALUES('43', 'Complementaria Termodinámica', 3);
INSERT INTO asignatura (codigo, nombre, creditos) VALUES('44', 'Comunicación y liderazgo', 4);
INSERT INTO asignatura (codigo, nombre, creditos) VALUES('45', 'Constitución Política de Colombia', 4);
INSERT INTO asignatura (codigo, nombre, creditos) VALUES('46', 'Constitución y Democracia', 4);
INSERT INTO asignatura (codigo, nombre, creditos) VALUES('47', 'Control y gestión integral de la calidad', 4);
INSERT INTO asignatura (codigo, nombre, creditos) VALUES('48', 'Deontología y legislación informática', 3);
INSERT INTO asignatura (codigo, nombre, creditos) VALUES('49', 'Desarrollo personal', 3);
INSERT INTO asignatura (codigo, nombre, creditos) VALUES('50', 'Dibujo arquitectónico, analógico y digital', 3);
INSERT INTO asignatura (codigo, nombre, creditos) VALUES('51', 'Diseño básico', 3);
INSERT INTO asignatura (codigo, nombre, creditos) VALUES('52', 'Diseño conceptual', 3);
INSERT INTO asignatura (codigo, nombre, creditos) VALUES('53', 'Diseño de Bases de Datos', 3);
INSERT INTO asignatura (codigo, nombre, creditos) VALUES('54', 'Diseño de Plantas de Proceso', 4);
INSERT INTO asignatura (codigo, nombre, creditos) VALUES('55', 'Diseño de sistemas productivos', 2);
INSERT INTO asignatura (codigo, nombre, creditos) VALUES('56', 'Diseño electrónico', 3);
INSERT INTO asignatura (codigo, nombre, creditos) VALUES('57', 'Diseño Experimental Ingeniería Química', 4);
INSERT INTO asignatura (codigo, nombre, creditos) VALUES('58', 'Ecuaciones diferenciales', 4);
INSERT INTO asignatura (codigo, nombre, creditos) VALUES('59', 'Electrónica digital', 4);
INSERT INTO asignatura (codigo, nombre, creditos) VALUES('60', 'Electrónica I', 4);
INSERT INTO asignatura (codigo, nombre, creditos) VALUES('61', 'Electrónica II', 3);
INSERT INTO asignatura (codigo, nombre, creditos) VALUES('62', 'Equilibrio de Fases y Químico', 3);
INSERT INTO asignatura (codigo, nombre, creditos) VALUES('63', 'Equipamientos dotacionales para la vivienda', 3);
INSERT INTO asignatura (codigo, nombre, creditos) VALUES('64', 'Estadística', 3);
INSERT INTO asignatura (codigo, nombre, creditos) VALUES('65', 'Estática', 3);
INSERT INTO asignatura (codigo, nombre, creditos) VALUES('66', 'Estrategias de operaciones', 3);
INSERT INTO asignatura (codigo, nombre, creditos) VALUES('67', 'Estructura de datos', 4);
INSERT INTO asignatura (codigo, nombre, creditos) VALUES('68', 'Estudio de las tecnologías', 2);
INSERT INTO asignatura (codigo, nombre, creditos) VALUES('69', 'Estudio del trabajo', 3);
INSERT INTO asignatura (codigo, nombre, creditos) VALUES('70', 'Ética', 4);
INSERT INTO asignatura (codigo, nombre, creditos) VALUES('71', 'Expresión digital avanzada', 4);
INSERT INTO asignatura (codigo, nombre, creditos) VALUES('72', 'Expresión digital básica', 4);
INSERT INTO asignatura (codigo, nombre, creditos) VALUES('73', 'Expresión grafica', 4);
INSERT INTO asignatura (codigo, nombre, creditos) VALUES('74', 'Expresión oral y escrita', 3);
INSERT INTO asignatura (codigo, nombre, creditos) VALUES('75', 'Fenómenos de Transporte I', 3);
INSERT INTO asignatura (codigo, nombre, creditos) VALUES('76', 'Fenómenos de Transporte II', 3);
INSERT INTO asignatura (codigo, nombre, creditos) VALUES('77', 'Física calor ondas', 3);
INSERT INTO asignatura (codigo, nombre, creditos) VALUES('78', 'Física electricidad', 3);
INSERT INTO asignatura (codigo, nombre, creditos) VALUES('79', 'Física Experimental I', 3);
INSERT INTO asignatura (codigo, nombre, creditos) VALUES('80', 'Física Experimental II', 4);
INSERT INTO asignatura (codigo, nombre, creditos) VALUES('81', 'Física I', 2);
INSERT INTO asignatura (codigo, nombre, creditos) VALUES('82', 'Física II', 3);
INSERT INTO asignatura (codigo, nombre, creditos) VALUES('83', 'Física III', 4);
INSERT INTO asignatura (codigo, nombre, creditos) VALUES('84', 'Física mecánica', 4);
INSERT INTO asignatura (codigo, nombre, creditos) VALUES('85', 'Físicamecánica', 4);
INSERT INTO asignatura (codigo, nombre, creditos) VALUES('86', 'Formulación de trabajo de grado', 4);
INSERT INTO asignatura (codigo, nombre, creditos) VALUES('87', 'Formulación y evaluación de proyectos', 3);
INSERT INTO asignatura (codigo, nombre, creditos) VALUES('88', 'Fundamentos de Análisis Químico', 3);
INSERT INTO asignatura (codigo, nombre, creditos) VALUES('89', 'Fundamentos de Ingeniería Electrónica y Telecomunicaciones', 3);
INSERT INTO asignatura (codigo, nombre, creditos) VALUES('90', 'Fundamentos de la empresa', 3);
INSERT INTO asignatura (codigo, nombre, creditos) VALUES('91', 'Fundamentos de Procesos Industriales', 3);
INSERT INTO asignatura (codigo, nombre, creditos) VALUES('92', 'Fundamentos de programación', 3);
INSERT INTO asignatura (codigo, nombre, creditos) VALUES('93', 'Fundamentos físicos de la informática', 4);
INSERT INTO asignatura (codigo, nombre, creditos) VALUES('94', 'Geometría proyectiva: dibujo a mano alzada', 2);
INSERT INTO asignatura (codigo, nombre, creditos) VALUES('95', 'Geometría proyectiva: perspectiva', 3);
INSERT INTO asignatura (codigo, nombre, creditos) VALUES('96', 'Gestión de la innovación', 4);
INSERT INTO asignatura (codigo, nombre, creditos) VALUES('97', 'Gestión de proyectos', 4);
INSERT INTO asignatura (codigo, nombre, creditos) VALUES('98', 'Gestión del suelo', 4);
INSERT INTO asignatura (codigo, nombre, creditos) VALUES('99', 'Gestión profesional', 4);
INSERT INTO asignatura (codigo, nombre, creditos) VALUES('100', 'Idioma extranjero I', 3);
INSERT INTO asignatura (codigo, nombre, creditos) VALUES('101', 'Idioma extranjero II', 3);
INSERT INTO asignatura (codigo, nombre, creditos) VALUES('102', 'Idioma extranjero III', 3);
INSERT INTO asignatura (codigo, nombre, creditos) VALUES('103', 'Idioma extranjero IV', 3);
INSERT INTO asignatura (codigo, nombre, creditos) VALUES('104', 'Ingeniería de Reacciones', 3);
INSERT INTO asignatura (codigo, nombre, creditos) VALUES('105', 'Ingeniería de Software', 3);
INSERT INTO asignatura (codigo, nombre, creditos) VALUES('106', 'Ingeniería económica', 4);
INSERT INTO asignatura (codigo, nombre, creditos) VALUES('107', 'Inglés I', 2);
INSERT INTO asignatura (codigo, nombre, creditos) VALUES('108', 'Inglés II', 3);
INSERT INTO asignatura (codigo, nombre, creditos) VALUES('109', 'Inglés III', 4);
INSERT INTO asignatura (codigo, nombre, creditos) VALUES('110', 'Inglés IV', 4);
INSERT INTO asignatura (codigo, nombre, creditos) VALUES('111', 'Inglés V', 4);
INSERT INTO asignatura (codigo, nombre, creditos) VALUES('112', 'Instrumentación', 4);
INSERT INTO asignatura (codigo, nombre, creditos) VALUES('113', 'Inteligencia artificial e ingeniería del conocimiento', 3);
INSERT INTO asignatura (codigo, nombre, creditos) VALUES('114', 'Interacción persona-ordenador', 3);
INSERT INTO asignatura (codigo, nombre, creditos) VALUES('115', 'Introducción a la ingeniería', 3);
INSERT INTO asignatura (codigo, nombre, creditos) VALUES('116', 'Introducción a la Ingeniería Química', 3);
INSERT INTO asignatura (codigo, nombre, creditos) VALUES('117', 'Introducción al Modelaje y Simulación en Ingeniería', 3);
INSERT INTO asignatura (codigo, nombre, creditos) VALUES('118', 'Investigación de operaciones I', 3);
INSERT INTO asignatura (codigo, nombre, creditos) VALUES('119', 'Investigación de operaciones II', 4);
INSERT INTO asignatura (codigo, nombre, creditos) VALUES('120', 'Laboratorio de Análisis de Sistemas de Control', 2);
INSERT INTO asignatura (codigo, nombre, creditos) VALUES('121', 'Laboratorio de Aplicaciones de la Química', 3);
INSERT INTO asignatura (codigo, nombre, creditos) VALUES('122', 'Laboratorio de Equilibrio', 4);
INSERT INTO asignatura (codigo, nombre, creditos) VALUES('123', 'Laboratorio de fenómenos de transporte II', 4);
INSERT INTO asignatura (codigo, nombre, creditos) VALUES('124', 'Laboratorio de Fundamentos de Análisis Químico', 4);
INSERT INTO asignatura (codigo, nombre, creditos) VALUES('125', 'Laboratorio de ingeniería de reacciones', 4);
INSERT INTO asignatura (codigo, nombre, creditos) VALUES('126', 'Laboratorio de Introducción a la Ingeniería Química', 3);
INSERT INTO asignatura (codigo, nombre, creditos) VALUES('127', 'Laboratorio de operaciones unitarias', 3);
INSERT INTO asignatura (codigo, nombre, creditos) VALUES('128', 'Laboratorio de procesos de separación', 3);
INSERT INTO asignatura (codigo, nombre, creditos) VALUES('129', 'Laboratorio de Química', 3);
INSERT INTO asignatura (codigo, nombre, creditos) VALUES('130', 'Laboratorio de Termodinámica', 3);
INSERT INTO asignatura (codigo, nombre, creditos) VALUES('131', 'lectrónica de potencia', 3);
INSERT INTO asignatura (codigo, nombre, creditos) VALUES('132', 'Lógica computacional', 4);
INSERT INTO asignatura (codigo, nombre, creditos) VALUES('133', 'Logística y distribución', 2);
INSERT INTO asignatura (codigo, nombre, creditos) VALUES('134', 'Matemáticas fundamentales', 3);
INSERT INTO asignatura (codigo, nombre, creditos) VALUES('135', 'Medios de transmisión', 4);
INSERT INTO asignatura (codigo, nombre, creditos) VALUES('136', 'Microprocesadores', 4);
INSERT INTO asignatura (codigo, nombre, creditos) VALUES('137', 'Neumatica', 4);
INSERT INTO asignatura (codigo, nombre, creditos) VALUES('138', 'Operaciones Unitarias', 4);
INSERT INTO asignatura (codigo, nombre, creditos) VALUES('139', 'Optimización de Procesos Químicos', 3);
INSERT INTO asignatura (codigo, nombre, creditos) VALUES('140', 'Planeación, programación y control de la producción', 3);
INSERT INTO asignatura (codigo, nombre, creditos) VALUES('141', 'Práctica profesional', 3);
INSERT INTO asignatura (codigo, nombre, creditos) VALUES('142', 'Principios de tecnología, fundamentación estructural y ambiente', 3);
INSERT INTO asignatura (codigo, nombre, creditos) VALUES('143', 'Probabilidad y estadística', 3);
INSERT INTO asignatura (codigo, nombre, creditos) VALUES('144', 'Probabilidad y Estadística I', 3);
INSERT INTO asignatura (codigo, nombre, creditos) VALUES('145', 'Procesos de fabricación', 4);
INSERT INTO asignatura (codigo, nombre, creditos) VALUES('146', 'Procesos de Separación', 2);
INSERT INTO asignatura (codigo, nombre, creditos) VALUES('147', 'Procesos Industriales', 3);
INSERT INTO asignatura (codigo, nombre, creditos) VALUES('148', 'Procesos para la construcción', 4);
INSERT INTO asignatura (codigo, nombre, creditos) VALUES('149', 'Programación avanzada', 4);
INSERT INTO asignatura (codigo, nombre, creditos) VALUES('150', 'Programación orientada a objetos', 4);
INSERT INTO asignatura (codigo, nombre, creditos) VALUES('151', 'Proyecto de Grado', 4);
INSERT INTO asignatura (codigo, nombre, creditos) VALUES('152', 'Proyecto de Mitad de Carrera', 3);
INSERT INTO asignatura (codigo, nombre, creditos) VALUES('153', 'Proyecto final', 3);
INSERT INTO asignatura (codigo, nombre, creditos) VALUES('154', 'Química', 3);
INSERT INTO asignatura (codigo, nombre, creditos) VALUES('155', 'Redes de ordenadores', 3);
INSERT INTO asignatura (codigo, nombre, creditos) VALUES('156', 'Redes e instalaciones', 3);
INSERT INTO asignatura (codigo, nombre, creditos) VALUES('157', 'Requisito de dominio de segunda lengua', 3);
INSERT INTO asignatura (codigo, nombre, creditos) VALUES('158', 'Requisito de lectura en inglés', 4);
INSERT INTO asignatura (codigo, nombre, creditos) VALUES('159', 'Resistencia de Materiales', 2);
INSERT INTO asignatura (codigo, nombre, creditos) VALUES('160', 'Seguridad y gestión ambiental', 3);
INSERT INTO asignatura (codigo, nombre, creditos) VALUES('161', 'Seminario de carrera I', 4);
INSERT INTO asignatura (codigo, nombre, creditos) VALUES('162', 'Seminario de carrera II', 4);
INSERT INTO asignatura (codigo, nombre, creditos) VALUES('163', 'Seminario de énfasis', 4);
INSERT INTO asignatura (codigo, nombre, creditos) VALUES('164', 'Seminario de Ingeniería Electrónica y Telecomunicaciones', 4);
INSERT INTO asignatura (codigo, nombre, creditos) VALUES('165', 'Seminario de Proyecto de Grado', 3);
INSERT INTO asignatura (codigo, nombre, creditos) VALUES('166', 'Señales y sistemas', 3);
INSERT INTO asignatura (codigo, nombre, creditos) VALUES('167', 'Simulación', 3);
INSERT INTO asignatura (codigo, nombre, creditos) VALUES('168', 'Sistemas de costos de producción', 3);
INSERT INTO asignatura (codigo, nombre, creditos) VALUES('169', 'Sistemas de Información Geografica', 3);
INSERT INTO asignatura (codigo, nombre, creditos) VALUES('170', 'Sistemas digitales programables', 3);
INSERT INTO asignatura (codigo, nombre, creditos) VALUES('171', 'Sistemas dinámicos', 4);
INSERT INTO asignatura (codigo, nombre, creditos) VALUES('172', 'Sistemas inalámbricos', 2);
INSERT INTO asignatura (codigo, nombre, creditos) VALUES('173', 'Sistemas operativos', 3);
INSERT INTO asignatura (codigo, nombre, creditos) VALUES('174', 'Sistemas operativos avanzados', 4);
INSERT INTO asignatura (codigo, nombre, creditos) VALUES('175', 'Soluciones computacionales a problemas de ingeniería', 4);
INSERT INTO asignatura (codigo, nombre, creditos) VALUES('176', 'structura de computadores', 4);
INSERT INTO asignatura (codigo, nombre, creditos) VALUES('177', 'Taller de diseño de plantas de proceso', 4);
INSERT INTO asignatura (codigo, nombre, creditos) VALUES('178', 'Taller de moldeamiento y simulación', 3);
INSERT INTO asignatura (codigo, nombre, creditos) VALUES('179', 'Taller de optimización', 3);
INSERT INTO asignatura (codigo, nombre, creditos) VALUES('180', 'Tecnología de computadores', 3);
INSERT INTO asignatura (codigo, nombre, creditos) VALUES('181', 'Tecnologías especiales y avanzadas', 3);
INSERT INTO asignatura (codigo, nombre, creditos) VALUES('182', 'Telecomunicaciones I', 3);
INSERT INTO asignatura (codigo, nombre, creditos) VALUES('183', 'Telecomunicaciones II', 3);
INSERT INTO asignatura (codigo, nombre, creditos) VALUES('184', 'Telecomunicaciones III', 4);
INSERT INTO asignatura (codigo, nombre, creditos) VALUES('185', 'Teoría e historia del ambiente y el territorio', 2);
INSERT INTO asignatura (codigo, nombre, creditos) VALUES('186', 'Teoría e historia del diseño', 3);
INSERT INTO asignatura (codigo, nombre, creditos) VALUES('187', 'Teoría, historia y territorio de la gestión del suelo', 4);
INSERT INTO asignatura (codigo, nombre, creditos) VALUES('188', 'Teoría, historia y territorio de los equipamientos', 4);
INSERT INTO asignatura (codigo, nombre, creditos) VALUES('189', 'Teoría, historia y territorio de los tipos de vivienda', 4);
INSERT INTO asignatura (codigo, nombre, creditos) VALUES('190', 'Teoría, historia y territorio del ambiente urbano', 4);
INSERT INTO asignatura (codigo, nombre, creditos) VALUES('191', 'Teoría, historia y territorio del hábitat domestico', 3);
INSERT INTO asignatura (codigo, nombre, creditos) VALUES('192', 'Termodinamica', 3);
INSERT INTO asignatura (codigo, nombre, creditos) VALUES('193', 'Termodinámica', 3);
INSERT INTO asignatura (codigo, nombre, creditos) VALUES('194', 'Termodinámica I', 3);
INSERT INTO asignatura (codigo, nombre, creditos) VALUES('195', 'Trabajo de grado', 3);
INSERT INTO asignatura (codigo, nombre, creditos) VALUES('196', 'Trabajo de grado I', 2);
INSERT INTO asignatura (codigo, nombre, creditos) VALUES('197', 'Trabajo de grado II', 4);
INSERT INTO asignatura (codigo, nombre, creditos) VALUES('198', 'Vivienda: hábitat domestico', 4);
INSERT INTO asignatura (codigo, nombre, creditos) VALUES('199', 'Vivienda: tipos y aplicaciones', 3);


INSERT INTO oferta_asignatura(cod_carrera, cod_asignatura, periodo) VALUES('ADM_01', '14', '202302');
INSERT INTO oferta_asignatura(cod_carrera, cod_asignatura, periodo) VALUES('ADM_01', '15', '202402');
INSERT INTO oferta_asignatura(cod_carrera, cod_asignatura, periodo) VALUES('ADM_01', '37', '202402');
INSERT INTO oferta_asignatura(cod_carrera, cod_asignatura, periodo) VALUES('ADM_01', '44', '202402');
INSERT INTO oferta_asignatura(cod_carrera, cod_asignatura, periodo) VALUES('ADM_01', '47', '202301');
INSERT INTO oferta_asignatura(cod_carrera, cod_asignatura, periodo) VALUES('ADM_01', '70', '202301');
INSERT INTO oferta_asignatura(cod_carrera, cod_asignatura, periodo) VALUES('ADM_01', '86', '202301');
INSERT INTO oferta_asignatura(cod_carrera, cod_asignatura, periodo) VALUES('ADM_01', '90', '202301');
INSERT INTO oferta_asignatura(cod_carrera, cod_asignatura, periodo) VALUES('ADM_01', '96', '202402');
INSERT INTO oferta_asignatura(cod_carrera, cod_asignatura, periodo) VALUES('ADM_01', '97', '202402');
INSERT INTO oferta_asignatura(cod_carrera, cod_asignatura, periodo) VALUES('ADM_01', '99', '202301');
INSERT INTO oferta_asignatura(cod_carrera, cod_asignatura, periodo) VALUES('ADM_04', '12', '202302');
INSERT INTO oferta_asignatura(cod_carrera, cod_asignatura, periodo) VALUES('ADM_04', '22', '202402');
INSERT INTO oferta_asignatura(cod_carrera, cod_asignatura, periodo) VALUES('ADM_04', '24', '202402');
INSERT INTO oferta_asignatura(cod_carrera, cod_asignatura, periodo) VALUES('ADM_04', '28', '202402');
INSERT INTO oferta_asignatura(cod_carrera, cod_asignatura, periodo) VALUES('ADM_04', '44', '202301');
INSERT INTO oferta_asignatura(cod_carrera, cod_asignatura, periodo) VALUES('ADM_04', '65', '202301');
INSERT INTO oferta_asignatura(cod_carrera, cod_asignatura, periodo) VALUES('ADM_04', '86', '202301');
INSERT INTO oferta_asignatura(cod_carrera, cod_asignatura, periodo) VALUES('ADM_04', '107', '202301');
INSERT INTO oferta_asignatura(cod_carrera, cod_asignatura, periodo) VALUES('ADM_04', '108', '202402');
INSERT INTO oferta_asignatura(cod_carrera, cod_asignatura, periodo) VALUES('ADM_04', '109', '202402');
INSERT INTO oferta_asignatura(cod_carrera, cod_asignatura, periodo) VALUES('ADM_04', '134', '202301');

INSERT INTO grupo(cod_carrera, cod_asignatura, periodo, grupo, cupos) VALUES('ADM_01', '14', '202302', '1', 3);
INSERT INTO grupo(cod_carrera, cod_asignatura, periodo, grupo, cupos) VALUES('ADM_01', '14', '202302', '2', 2);
INSERT INTO grupo(cod_carrera, cod_asignatura, periodo, grupo, cupos) VALUES('ADM_01', '15', '202402', '1', 3);
INSERT INTO grupo(cod_carrera, cod_asignatura, periodo, grupo, cupos) VALUES('ADM_01', '37', '202402', '1', 2);
INSERT INTO grupo(cod_carrera, cod_asignatura, periodo, grupo, cupos) VALUES('ADM_01', '37', '202402', '2', 2);
INSERT INTO grupo(cod_carrera, cod_asignatura, periodo, grupo, cupos) VALUES('ADM_01', '44', '202402', '1', 2);
INSERT INTO grupo(cod_carrera, cod_asignatura, periodo, grupo, cupos) VALUES('ADM_01', '47', '202301', '1', 2);
INSERT INTO grupo(cod_carrera, cod_asignatura, periodo, grupo, cupos) VALUES('ADM_01', '70', '202301', '1', 3);
INSERT INTO grupo(cod_carrera, cod_asignatura, periodo, grupo, cupos) VALUES('ADM_01', '70', '202301', '2', 2);
INSERT INTO grupo(cod_carrera, cod_asignatura, periodo, grupo, cupos) VALUES('ADM_01', '86', '202301', '1', 3);
INSERT INTO grupo(cod_carrera, cod_asignatura, periodo, grupo, cupos) VALUES('ADM_01', '90', '202301', '1', 2);
INSERT INTO grupo(cod_carrera, cod_asignatura, periodo, grupo, cupos) VALUES('ADM_01', '90', '202301', '2', 2);
INSERT INTO grupo(cod_carrera, cod_asignatura, periodo, grupo, cupos) VALUES('ADM_01', '96', '202402', '1', 2);
INSERT INTO grupo(cod_carrera, cod_asignatura, periodo, grupo, cupos) VALUES('ADM_01', '97', '202402', '1', 2);
INSERT INTO grupo(cod_carrera, cod_asignatura, periodo, grupo, cupos) VALUES('ADM_01', '97', '202402', '2', 3);
INSERT INTO grupo(cod_carrera, cod_asignatura, periodo, grupo, cupos) VALUES('ADM_01', '99', '202301', '1', 2);
INSERT INTO grupo(cod_carrera, cod_asignatura, periodo, grupo, cupos) VALUES('ADM_04', '12', '202302', '1', 3);
INSERT INTO grupo(cod_carrera, cod_asignatura, periodo, grupo, cupos) VALUES('ADM_04', '12', '202302', '2', 2);
INSERT INTO grupo(cod_carrera, cod_asignatura, periodo, grupo, cupos) VALUES('ADM_04', '22', '202402', '1', 2);
INSERT INTO grupo(cod_carrera, cod_asignatura, periodo, grupo, cupos) VALUES('ADM_04', '24', '202402', '1', 2);
INSERT INTO grupo(cod_carrera, cod_asignatura, periodo, grupo, cupos) VALUES('ADM_04', '28', '202402', '1', 2);
INSERT INTO grupo(cod_carrera, cod_asignatura, periodo, grupo, cupos) VALUES('ADM_04', '44', '202301', '1', 3);
INSERT INTO grupo(cod_carrera, cod_asignatura, periodo, grupo, cupos) VALUES('ADM_04', '44', '202301', '2', 2);
INSERT INTO grupo(cod_carrera, cod_asignatura, periodo, grupo, cupos) VALUES('ADM_04', '65', '202301', '1', 3);
INSERT INTO grupo(cod_carrera, cod_asignatura, periodo, grupo, cupos) VALUES('ADM_04', '86', '202301', '1', 2);
INSERT INTO grupo(cod_carrera, cod_asignatura, periodo, grupo, cupos) VALUES('ADM_04', '107', '202301', '1', 2);
INSERT INTO grupo(cod_carrera, cod_asignatura, periodo, grupo, cupos) VALUES('ADM_04', '107', '202301', '2', 2);
INSERT INTO grupo(cod_carrera, cod_asignatura, periodo, grupo, cupos) VALUES('ADM_04', '108', '202402', '1', 2);
INSERT INTO grupo(cod_carrera, cod_asignatura, periodo, grupo, cupos) VALUES('ADM_04', '109', '202402', '1', 3);
INSERT INTO grupo(cod_carrera, cod_asignatura, periodo, grupo, cupos) VALUES('ADM_04', '109', '202402', '2', 2);
INSERT INTO grupo(cod_carrera, cod_asignatura, periodo, grupo, cupos) VALUES('ADM_04', '134', '202301', '1', 3);
